key,english,current_zh,translation
blank,,,
literal,{0},{0},{0}
common.noMessage,,,
common.default,{0},{0},{0}
common.counting.st,{0}st,{0} st,{0} st
common.counting.nd,{0}nd,{0} nd,{0} nd
common.counting.rd,{0}rd,{0} rd,{0} rd
common.counting.th,{0}th,{0} th,{0} th
common.tp.description,{0} {1},{0} {1},{0} {1}
common.durationStd,{0},{0},{0}
dox.dir,,,
ftl.subject.alias,{0} ({1}),{0}（{1}）,{0}（{1}）
ftl.subject.alias.id,{0} ({1}) - id:{2},{0}（{1}） -  ID：{2},{0}（{1}） -  ID：{2}
modules.guid,GUID,GUID,GUID
dsEdit.ebi25,EBI25,EBI25,EBI25
dsEdit.ebi25.unit.ph,pH,ph,ph
dsEdit.serial.flow.rtsCts,RTS/CTS,RTS/CTS,RTS/CTS
dsEdit.serial.flow.xonXoff,Xon/Xoff,XON/XOFF,XON/XOFF
dsEdit.viconics.panId,PAN ID,PAN ID,PAN ID
dsEdit.viconics.ieee,IEEE,IEEE,IEEE
dsEdit.viconics.trss,TRSS,TRS,TRS
dsEdit.viconics.crss,CRSS,CRS,CRS
emport.systemSettings.prefix,''{0}'' : {1},''{0}''：{1},''{0}''：{1}
emport.publisher.prefix,Publisher ''{0}'': {1},Publisher''{0}''：{1},Publisher''{0}''：{1}
events.id,Id,ID,ID
events.search.id,Id,ID,ID
events.ackedByUser,- {0},-  {0},-  {0}
events.export.ackedByUser,{0},{0},{0}
<a href,"""https://www.mozilla.org/firefox/"" target=""_blank"">Mozilla Firefox</a>.",“ https://www.mozilla.org/firefox/” target =“ _ blank”> mozilla firefox </a>。,“ https://www.mozilla.org/firefox/” target =“ _ blank”> mozilla firefox </a>。
systemSettings.upgradeState.beta,Beta,beta,beta
event.audit.changedProperty,"<br/>&nbsp;&nbsp;&nbsp;&nbsp;{0}: ""{1}"" to ""{2}""",<br/>＆nbsp;＆nbsp;＆nbsp;＆nbsp; {0}：“ {1}” to“ {2}”,<br/>＆nbsp;＆nbsp;＆nbsp;＆nbsp; {0}：“ {1}” to“ {2}”
event.audit.property,"<br/>&nbsp;&nbsp;&nbsp;&nbsp;{0}=""{1}""",<br/>＆nbsp;＆nbsp;＆nbsp;＆nbsp; {0} =“ {1}”,<br/>＆nbsp;＆nbsp;＆nbsp;＆nbsp; {0} =“ {1}”
event.audit.propertyList.0,,,
event.audit.propertyList.1,{0},{0},{0}
event.audit.propertyList.2,{0}{1},{0} {1},{0} {1}
event.audit.propertyList.3,{0}{1}{2},{0} {1} {2},{0} {1} {2}
event.audit.propertyList.4,{0}{1}{2}{3},{0} {1} {2} {3},{0} {1} {2} {3}
event.audit.propertyList.5,{0}{1}{2}{3}{4},{0} {1} {2} {3} {4},{0} {1} {2} {3} {4}
event.audit.propertyList.6,{0}{1}{2}{3}{4}{5},{0} {1} {2} {3} {4} {5},{0} {1} {2} {3} {4} {5}
event.audit.propertyList.7,{0}{1}{2}{3}{4}{5}{6},{0} {1} {2} {3} {4} {5} {6},{0} {1} {2} {3} {4} {5} {6}
event.audit.propertyList.8,{0}{1}{2}{3}{4}{5}{6}{7},{0} {1} {2} {3} {4} {5} {6} {6} {7},{0} {1} {2} {3} {4} {5} {6} {6} {7}
event.audit.propertyList.9,{0}{1}{2}{3}{4}{5}{6}{7}{8},{0} {1} {2} {3} {4} {5} {6} {6} {7} {8} {8} {8},{0} {1} {2} {3} {4} {5} {6} {6} {7} {8} {8} {8}
event.audit.propertyList.10,{0}{1}{2}{3}{4}{5}{6}{7}{8}{9},{0} {1} {2} {3} {4} {5} {6} {6} {7} {8} {8} {9},{0} {1} {2} {3} {4} {5} {6} {6} {7} {8} {8} {9}
event.audit.propertyList.11,{0}{1}{2}{3}{4}{5}{6}{7}{8}{9}{10},{0} {1} {2} {3} {4} {5} {6} {6} {7} {8} {8} {9} {10} {10},{0} {1} {2} {3} {4} {5} {6} {6} {7} {8} {8} {9} {10} {10}
event.audit.propertyList.12,{0}{1}{2}{3}{4}{5}{6}{7}{8}{9}{10}{11},{0} {1} {2} {3} {4} {5} {6} {6} {7} {8} {8} {9} {10} {10} {11} {11},{0} {1} {2} {3} {4} {5} {6} {6} {7} {8} {8} {9} {10} {10} {11} {11}
event.audit.propertyList.13,{0}{1}{2}{3}{4}{5}{6}{7}{8}{9}{10}{11}{12},{0} {1} {2} {3} {4} {5} {6} {6} {7} {8} {8} {9} {10} {10} {11} {12} {12} {12},{0} {1} {2} {3} {4} {5} {6} {6} {7} {8} {8} {9} {10} {10} {11} {12} {12} {12}
event.audit.propertyList.14,{0}{1}{2}{3}{4}{5}{6}{7}{8}{9}{10}{11}{12}{13},{0} {1} {2} {3} {4} {5} {6} {6} {7} {8} {8} {9} {9} {10} {11} {11} {12} {13} {13} {13} {13},{0} {1} {2} {3} {4} {5} {6} {6} {7} {8} {8} {9} {9} {10} {11} {11} {12} {13} {13} {13} {13}
event.audit.propertyList.15,{0}{1}{2}{3}{4}{5}{6}{7}{8}{9}{10}{11}{12}{13}{14},{0} {1} {2} {3} {4} {5} {6} {6} {7} {7} {8} {9} {9} {10} {11} {11} {12} {13} {13} {14} {14} {14},{0} {1} {2} {3} {4} {5} {6} {6} {7} {7} {8} {9} {9} {10} {11} {11} {12} {13} {13} {14} {14} {14}
event.audit.propertyList.16,{0}{1}{2}{3}{4}{5}{6}{7}{8}{9}{10}{11}{12}{13}{14}{15},{0} {1} {2} {3} {4} {5} {6} {6} {7} {8} {8} {9} {10} {10} {11} {11} {12} {13} {13} {13} {14} {14} {15} {15} {15} {15} {15},{0} {1} {2} {3} {4} {5} {6} {6} {7} {8} {8} {9} {10} {10} {11} {11} {12} {13} {13} {13} {14} {14} {15} {15} {15} {15} {15}
event.audit.propertyList.17,{0}{1}{2}{3}{4}{5}{6}{7}{8}{9}{10}{11}{12}{13}{14}{15}{16},{0} {1} {2} {3} {4} {5} {6} {6} {7} {8} {8} {9} {9} {10} {11} {11} {12} {13} {13} {13} {14} {14} {15} {15} {16} {16} {16} {16} {16},{0} {1} {2} {3} {4} {5} {6} {6} {7} {8} {8} {9} {9} {10} {11} {11} {12} {13} {13} {13} {14} {14} {15} {15} {16} {16} {16} {16} {16}
event.audit.propertyList.18,{0}{1}{2}{3}{4}{5}{6}{7}{8}{9}{10}{11}{12}{13}{14}{15}{16}{17},{0} {1} {2} {3} {4} {5} {6} {6} {7} {7} {8} {9} {9} {10} {11} {11} {12} {13} {13} {13} {14} {14} {15} {15} {17} {17} {17} {17} {17} {17} {17} {17} {17} {17},{0} {1} {2} {3} {4} {5} {6} {6} {7} {7} {8} {9} {9} {10} {11} {11} {12} {13} {13} {13} {14} {14} {15} {15} {17} {17} {17} {17} {17} {17} {17} {17} {17} {17}
event.audit.propertyList.19,{0}{1}{2}{3}{4}{5}{6}{7}{8}{9}{10}{11}{12}{13}{14}{15}{16}{17}{18},{0} {1} {2} {3} {4} {5} {6} {6} {7} {8} {8} {9} {9} {10} {10} {11} {11} {12} {13} {13} {14} {14} {15} {15} {17} {17} {17} {17},{0} {1} {2} {3} {4} {5} {6} {6} {7} {8} {8} {9} {9} {10} {10} {11} {11} {12} {13} {13} {14} {14} {15} {15} {17} {17} {17} {17}
event.audit.propertyList.20,{0}{1}{2}{3}{4}{5}{6}{7}{8}{9}{10}{11}{12}{13}{14}{15}{16}{17}{18}{19},{0} {1} {2} {3} {4} {5} {6} {6} {7} {7} {8} {9} {9} {10} {10} {11} {11} {12} {13} {13} {14} {14} {15} {15} {16} {17} {17} {17} {17} {18},{0} {1} {2} {3} {4} {5} {6} {6} {7} {7} {8} {9} {9} {10} {10} {11} {11} {12} {13} {13} {14} {14} {15} {15} {16} {17} {17} {17} {17} {18}
event.audit.propertyList.21,{0}{1}{2}{3}{4}{5}{6}{7}{8}{9}{10}{11}{12}{13}{14}{15}{16}{17}{18}{19}{20},{0} {1} {2} {3} {4} {5} {6} {6} {7} {8} {8} {9} {9} {10} {10} {11} {11} {12} {13} {13} {13} {14} {14} {15} {15} {16} {17} {17} {17} {17} {18} {18}},{0} {1} {2} {3} {4} {5} {6} {6} {7} {8} {8} {9} {9} {10} {10} {11} {11} {12} {13} {13} {13} {14} {14} {15} {15} {16} {17} {17} {17} {17} {18} {18}}
event.audit.propertyList.22,{0}{1}{2}{3}{4}{5}{6}{7}{8}{9}{10}{11}{12}{13}{14}{15}{16}{17}{18}{19}{20}{21},{0} {1} {2} {3} {4} {5} {6} {6} {7} {8} {8} {9} {10} {10} {11} {11} {12} {12} {13} {13} {14} {14} {15} {15} {16} {17} {17} {17} {18} {18}},{0} {1} {2} {3} {4} {5} {6} {6} {7} {8} {8} {9} {10} {10} {11} {11} {12} {12} {13} {13} {14} {14} {15} {15} {16} {17} {17} {17} {18} {18}}
event.audit.propertyList.23,{0}{1}{2}{3}{4}{5}{6}{7}{8}{9}{10}{11}{12}{13}{14}{15}{16}{17}{18}{19}{20}{21}{22},{0} {1} {2} {3} {4} {5} {6} {6} {7} {7} {8} {9} {9} {10} {10} {11} {11} {12} {13} {13} {14} {14} {15} {15} {16} {17} {17} {17} {18}},{0} {1} {2} {3} {4} {5} {6} {6} {7} {7} {8} {9} {9} {10} {10} {11} {11} {12} {13} {13} {14} {14} {15} {15} {16} {17} {17} {17} {18}}
event.audit.propertyList.24,{0}{1}{2}{3}{4}{5}{6}{7}{8}{9}{10}{11}{12}{13}{14}{15}{16}{17}{18}{19}{20}{21}{22}{23},{0} {1} {2} {3} {4} {5} {6} {6} {7} {8} {8} {9} {9} {10} {11} {11} {12} {12} { 13} {14} {15} {16} {17} {18} {19} {20} {20} {21} {22} {22} {23},{0} {1} {2} {3} {4} {5} {6} {6} {7} {8} {8} {9} {9} {10} {11} {11} {12} {12} { 13} {14} {15} {16} {17} {18} {19} {20} {20} {21} {22} {22} {23}
event.audit.propertyList.25,{0}{1}{2}{3}{4}{5}{6}{7}{8}{9}{10}{11}{12}{13}{14}{15}{16}{17}{18}{19}{20}{21}{22}{23}{24},{0} {1} {2} {3} {4} {5} {6} {7} {7} {8} {9} {9} {10} {11} {11} {12} {12} {13 } {14} {15} {16} {17} {18} {19} {20} {20} {21} {22} {22} {23} {24},{0} {1} {2} {3} {4} {5} {6} {7} {7} {8} {9} {9} {10} {11} {11} {12} {12} {13 } {14} {15} {16} {17} {18} {19} {20} {20} {21} {22} {22} {23} {24}
event.audit.propertyList.26,{0}{1}{2}{3}{4}{5}{6}{7}{8}{9}{10}{11}{12}{13}{14}{15}{16}{17}{18}{19}{20}{21}{22}{23}{24}{25},{0} {1} {2} {3} {4} {5} {6} {6} {7} {8} {8} {9} {9} {10} {11} {11} {12} {13} {13} {13} { 14} {15} {16} {17} {18} {19} {20} {20} {21} {22} {22} {23} {24} {25} {25},{0} {1} {2} {3} {4} {5} {6} {6} {7} {8} {8} {9} {9} {10} {11} {11} {12} {13} {13} {13} { 14} {15} {16} {17} {18} {19} {20} {20} {21} {22} {22} {23} {24} {25} {25}
event.audit.propertyList.27,{0}{1}{2}{3}{4}{5}{6}{7}{8}{9}{10}{11}{12}{13}{14}{15}{16}{17}{18}{19}{20}{21}{22}{23}{24}{25}{26},{0} {1} {2} {3} {4} {5} {6} {6} {7} {8} {8} {9} {10} {10} {11} {11} {12} {13} {13} {13} {14 } {15} {16} {17} {18} {19} {20} {20} {21} {22} {22} {23} {24} {24} {25} {26} {26},{0} {1} {2} {3} {4} {5} {6} {6} {7} {8} {8} {9} {10} {10} {11} {11} {12} {13} {13} {13} {14 } {15} {16} {17} {18} {19} {20} {20} {21} {22} {22} {23} {24} {24} {25} {26} {26}
event.audit.propertyList.28,{0}{1}{2}{3}{4}{5}{6}{7}{8}{9}{10}{11}{12}{13}{14}{15}{16}{17}{18}{19}{20}{21}{22}{23}{24}{25}{26}{27},{0} {1} {2} {3} {4} {5} {6} {6} {7} {8} {8} {9} {9} {10} {11} {11} {12} {12} {13} {13} {14} {14} {14} { 15} {16} {17} {18} {19} {20} {21} {22} {22} {23} {24} {24} {25} {26} {26} {27} {27},{0} {1} {2} {3} {4} {5} {6} {6} {7} {8} {8} {9} {9} {10} {11} {11} {12} {12} {13} {13} {14} {14} {14} { 15} {16} {17} {18} {19} {20} {21} {22} {22} {23} {24} {24} {25} {26} {26} {27} {27}
event.audit.propertyList.29,{0}{1}{2}{3}{4}{5}{6}{7}{8}{9}{10}{11}{12}{13}{14}{15}{16}{17}{18}{19}{20}{21}{22}{23}{24}{25}{26}{27}{28},{0} {1} {2} {3} {4} {5} {6} {6} {7} {8} {8} {9} {10} {10} {11} {11} {12} {13} {13} {13} {14} {14} {14} {15 } {16} {17} {18} {19} {20} {21} {22} {22} {23} {24} {25} {25} {26} {27} {27} {28} {28},{0} {1} {2} {3} {4} {5} {6} {6} {7} {8} {8} {9} {10} {10} {11} {11} {12} {13} {13} {13} {14} {14} {14} {15 } {16} {17} {18} {19} {20} {21} {22} {22} {23} {24} {25} {25} {26} {27} {27} {28} {28}
event.audit.propertyList.30,{0}{1}{2}{3}{4}{5}{6}{7}{8}{9}{10}{11}{12}{13}{14}{15}{16}{17}{18}{19}{20}{21}{22}{23}{24}{25}{26}{27}{28}{29},{0} {1} {2} {3} {4} {5} {6} {6} {7} {8} {8} {9} {9} {10} {11} {11} {12} {13} {13} {13} {14} {14} {15} {15} {15} {15} {15} {15} { 16} {17} {18} {19} {20} {21} {22} {22} {23} {24} {25} {25} {26} {27} {27} {28} {29} {29} {29},{0} {1} {2} {3} {4} {5} {6} {6} {7} {8} {8} {9} {9} {10} {11} {11} {12} {13} {13} {13} {14} {14} {15} {15} {15} {15} {15} {15} { 16} {17} {18} {19} {20} {21} {22} {22} {23} {24} {25} {25} {26} {27} {27} {28} {29} {29} {29}
event.audit.recip.list.0,,,
event.audit.recip.list.1,{0},{0},{0}
event.audit.recip.list.2,"{0}, {1}",{0}，{1},{0}，{1}
event.audit.recip.list.3,"{0}, {1}, {2}",{0}，{1}，{2},{0}，{1}，{2}
event.audit.recip.list.4,"{0}, {1}, {2}, {3}",{0}，{1}，{2}，{3},{0}，{1}，{2}，{3}
event.audit.recip.list.5,"{0}, {1}, {2}, {3}, {4}",{0}，{1}，{2}，{3}，{4},{0}，{1}，{2}，{3}，{4}
event.audit.recip.list.6,"{0}, {1}, {2}, {3}, {4}, {5}",{0}，{1}，{2}，{3}，{4}，{5},{0}，{1}，{2}，{3}，{4}，{5}
event.audit.recip.list.7,"{0}, {1}, {2}, {3}, {4}, {5}, {6}",{0}，{1}，{2}，{3}，{4}，{5}，{6},{0}，{1}，{2}，{3}，{4}，{5}，{6}
event.audit.recip.list.8,"{0}, {1}, {2}, {3}, {4}, {5}, {6}, {7}",{0}，{1}，{2}，{3}，{4}，{5}，{6}，{7},{0}，{1}，{2}，{3}，{4}，{5}，{6}，{7}
event.audit.recip.list.9,"{0}, {1}, {2}, {3}, {4}, {5}, {6}, {7}, {8}",{0}，{1}，{2}，{3}，{4}，{5}，{6}，{7}，{8},{0}，{1}，{2}，{3}，{4}，{5}，{6}，{7}，{8}
event.audit.recip.list.10,"{0}, {1}, {2}, {3}, {4}, {5}, {6}, {7}, {8}, {9}",{0}，{1}，{2}，{3}，{4}，{5}，{6}，{7}，{8}，{9},{0}，{1}，{2}，{3}，{4}，{5}，{6}，{7}，{8}，{9}
event.audit.recip.list.11,"{0}, {1}, {2}, {3}, {4}, {5}, {6}, {7}, {8}, {9}, {10}",{0}，{1}，{2}，{3}，{4}，{5}，{6}，{7}，{8}，{8}，{9}，{10},{0}，{1}，{2}，{3}，{4}，{5}，{6}，{7}，{8}，{8}，{9}，{10}
event.audit.recip.list.12,"{0}, {1}, {2}, {3}, {4}, {5}, {6}, {7}, {8}, {9}, {10}, {11}",{0}，{1}，{2}，{3}，{4}，{5}，{6}，{7}，{8}，{9}，{9}，{10}，{11}，{11},{0}，{1}，{2}，{3}，{4}，{5}，{6}，{7}，{8}，{9}，{9}，{10}，{11}，{11}
event.audit.recip.list.13,"{0}, {1}, {2}, {3}, {4}, {5}, {6}, {7}, {8}, {9}, {10}, {11}, {12}",{0}，{1}，{2}，{3}，{4}，{5}，{6}，{7}，{8}，{8}，{9}，{10}，{11}，{11}，{12}，{12}，{12},{0}，{1}，{2}，{3}，{4}，{5}，{6}，{7}，{8}，{8}，{9}，{10}，{11}，{11}，{12}，{12}，{12}
event.audit.recip.list.14,"{0}, {1}, {2}, {3}, {4}, {5}, {6}, {7}, {8}, {9}, {10}, {11}, {12}, {13}",{0}，{1}，{2}，{3}，{4}，{5}，{6}，{7}，{7}，{8}，{9}，{10}，{10}，{11}，{11}，{12}，{13}，{13}，{13},{0}，{1}，{2}，{3}，{4}，{5}，{6}，{7}，{7}，{8}，{9}，{10}，{10}，{11}，{11}，{12}，{13}，{13}，{13}
event.audit.recip.list.15,"{0}, {1}, {2}, {3}, {4}, {5}, {6}, {7}, {8}, {9}, {10}, {11}, {12}, {13}, {14}",{0}，{1}，{2}，{3}，{4}，{5}，{6}，{7}，{7}，{8}，{9}，{9}，{10}，{11}，{11}，{12}，{12}，{13}，{13}，{14}，{14}，{14}，{14}，{14}，{14}，{14}，{14},{0}，{1}，{2}，{3}，{4}，{5}，{6}，{7}，{7}，{8}，{9}，{9}，{10}，{11}，{11}，{12}，{12}，{13}，{13}，{14}，{14}，{14}，{14}，{14}，{14}，{14}，{14}
event.audit.recip.list.16,"{0}, {1}, {2}, {3}, {4}, {5}, {6}, {7}, {8}, {9}, {10}, {11}, {12}, {13}, {14}, {15}",{0}，{1}，{2}，{3}，{4}，{5}，{6}，{7}，{7}，{8}，{9}，{9}，{10}，{11}，{11}，{12}，{12}，{13}，{13}，{14}，{14}，{15}，{15}，{15}，{15}，{15}，{15}，{15}，{15}，{15}，{15}，{15}，{15},{0}，{1}，{2}，{3}，{4}，{5}，{6}，{7}，{7}，{8}，{9}，{9}，{10}，{11}，{11}，{12}，{12}，{13}，{13}，{14}，{14}，{15}，{15}，{15}，{15}，{15}，{15}，{15}，{15}，{15}，{15}，{15}，{15}
event.audit.recip.list.17,"{0}, {1}, {2}, {3}, {4}, {5}, {6}, {7}, {8}, {9}, {10}, {11}, {12}, {13}, {14}, {15}, {16}",{0}，{1}，{2}，{3}，{4}，{5}，{6}，{7}，{7}，{8}，{9}，{9}，{10}，{11}，{11}，{12}，{12}，{13}，{13}，{13}，{14}，{14}，{15}，{15}，{15}，{15}，{16}，{16 16},{0}，{1}，{2}，{3}，{4}，{5}，{6}，{7}，{7}，{8}，{9}，{9}，{10}，{11}，{11}，{12}，{12}，{13}，{13}，{13}，{14}，{14}，{15}，{15}，{15}，{15}，{16}，{16 16}
event.audit.recip.list.18,"{0}, {1}, {2}, {3}, {4}, {5}, {6}, {7}, {8}, {9}, {10}, {11}, {12}, {13}, {14}, {15}, {16}, {17}",{0}，{1}，{2}，{3}，{4}，{5}，{6}，{7}，{8}，{8}，{9}，{10}，{10}，{11}，{11}，{12}，{12}，{13}，{13}，{13}，{14}，{14}，{14}，{15}，{15}，{16}，{16}，{16},{0}，{1}，{2}，{3}，{4}，{5}，{6}，{7}，{8}，{8}，{9}，{10}，{10}，{11}，{11}，{12}，{12}，{13}，{13}，{13}，{14}，{14}，{14}，{15}，{15}，{16}，{16}，{16}
event.audit.recip.list.19,"{0}, {1}, {2}, {3}, {4}, {5}, {6}, {7}, {8}, {9}, {10}, {11}, {12}, {13}, {14}, {15}, {16}, {17}, {18}","{0}, {1}, {2}, {3}, {4}, {5}, {6}, {7}, {8}, {9}, {10}, {11}, {12}, {13}, {14}, {15}, {16}, {17}, {18}","{0}, {1}, {2}, {3}, {4}, {5}, {6}, {7}, {8}, {9}, {10}, {11}, {12}, {13}, {14}, {15}, {16}, {17}, {18}"
event.audit.recip.list.20,"{0}, {1}, {2}, {3}, {4}, {5}, {6}, {7}, {8}, {9}, {10}, {11}, {12}, {13}, {14}, {15}, {16}, {17}, {18}, {19}","{0}, {1}, {2}, {3}, {4}, {5}, {6}, {7}, {8}, {9}, {10}, {11}, {12}, {13}, {14}, {15}, {16}, {17}, {18}, {19}","{0}, {1}, {2}, {3}, {4}, {5}, {6}, {7}, {8}, {9}, {10}, {11}, {12}, {13}, {14}, {15}, {16}, {17}, {18}, {19}"
event.audit.recip.list.21,"{0}, {1}, {2}, {3}, {4}, {5}, {6}, {7}, {8}, {9}, {10}, {11}, {12}, {13}, {14}, {15}, {16}, {17}, {18}, {19}, {20}","{0}, {1}, {2}, {3}, {4}, {5}, {6}, {7}, {8}, {9}, {10}, {11}, {12}, {13}, {14}, {15}, {16}, {17}, {18}, {19}，{20}","{0}, {1}, {2}, {3}, {4}, {5}, {6}, {7}, {8}, {9}, {10}, {11}, {12}, {13}, {14}, {15}, {16}, {17}, {18}, {19}，{20}"
event.audit.recip.list.22,"{0}, {1}, {2}, {3}, {4}, {5}, {6}, {7}, {8}, {9}, {10}, {11}, {12}, {13}, {14}, {15}, {16}, {17}, {18}, {19}, {20}, {21}","{0}, {1}, {2}, {3}, {4}, {5}, {6}, {7}, {8}, {9}, {10}, {11}, {12}, {13}, {14}, {15}, {16}, {17}, {18}, {19}，{20}，{21}","{0}, {1}, {2}, {3}, {4}, {5}, {6}, {7}, {8}, {9}, {10}, {11}, {12}, {13}, {14}, {15}, {16}, {17}, {18}, {19}，{20}，{21}"
event.audit.recip.list.23,"{0}, {1}, {2}, {3}, {4}, {5}, {6}, {7}, {8}, {9}, {10}, {11}, {12}, {13}, {14}, {15}, {16}, {17}, {18}, {19}, {20}, {21}, {22}","{0}, {1}, {2}, {3}, {4}, {5}, {6}, {7}, {8}, {9}, {10}, {11}, {12}, {13}, {14}, {15}, {16}, {17}, {18}, {19}，{20}，{21}，{22}","{0}, {1}, {2}, {3}, {4}, {5}, {6}, {7}, {8}, {9}, {10}, {11}, {12}, {13}, {14}, {15}, {16}, {17}, {18}, {19}，{20}，{21}，{22}"
event.audit.recip.list.24,"{0}, {1}, {2}, {3}, {4}, {5}, {6}, {7}, {8}, {9}, {10}, {11}, {12}, {13}, {14}, {15}, {16}, {17}, {18}, {19}, {20}, {21}, {22}, {23}","{0}, {1}, {2}, {3}, {4}, {5}, {6}, {7}, {8}, {9}, {10}, {11}, {12}, {13}, {14}, {15}, {16}, {17}, {18}, {19}，{20}，{21}，{22}，{23}","{0}, {1}, {2}, {3}, {4}, {5}, {6}, {7}, {8}, {9}, {10}, {11}, {12}, {13}, {14}, {15}, {16}, {17}, {18}, {19}，{20}，{21}，{22}，{23}"
event.audit.recip.list.25,"{0}, {1}, {2}, {3}, {4}, {5}, {6}, {7}, {8}, {9}, {10}, {11}, {12}, {13}, {14}, {15}, {16}, {17}, {18}, {19}, {20}, {21}, {22}, {23}, {24}","{0}, {1}, {2}, {3}, {4}, {5}, {6}, {7}, {8}, {9}, {10}, {11}, {12}, {13}, {14}, {15}, {16}, {17}, {18}, {19}，{20}，{21}，{22}，{23}，{24}","{0}, {1}, {2}, {3}, {4}, {5}, {6}, {7}, {8}, {9}, {10}, {11}, {12}, {13}, {14}, {15}, {16}, {17}, {18}, {19}，{20}，{21}，{22}，{23}，{24}"
event.audit.recip.list.26,"{0}, {1}, {2}, {3}, {4}, {5}, {6}, {7}, {8}, {9}, {10}, {11}, {12}, {13}, {14}, {15}, {16}, {17}, {18}, {19}, {20}, {21}, {22}, {23}, {24}, {25}","{0}, {1}, {2}, {3}, {4}, {5}, {6}, {7}, {8}, {9}, {10}, {11}, {12}, {13}, {14}, {15}, {16}, {17}, {18}, {19}，{20}，{21}，{22}，{23}，{24}，{25}","{0}, {1}, {2}, {3}, {4}, {5}, {6}, {7}, {8}, {9}, {10}, {11}, {12}, {13}, {14}, {15}, {16}, {17}, {18}, {19}，{20}，{21}，{22}，{23}，{24}，{25}"
event.audit.recip.list.27,"{0}, {1}, {2}, {3}, {4}, {5}, {6}, {7}, {8}, {9}, {10}, {11}, {12}, {13}, {14}, {15}, {16}, {17}, {18}, {19}, {20}, {21}, {22}, {23}, {24}, {25}, {26}","{0}, {1}, {2}, {3}, {4}, {5}, {6}, {7}, {8}, {9}, {10}, {11}, {12}, {13}, {14}, {15}, {16}, {17}, {18}, {19}，{20}，{21}，{22}，{23}，{24}，{25}，{26}","{0}, {1}, {2}, {3}, {4}, {5}, {6}, {7}, {8}, {9}, {10}, {11}, {12}, {13}, {14}, {15}, {16}, {17}, {18}, {19}，{20}，{21}，{22}，{23}，{24}，{25}，{26}"
event.audit.recip.list.28,"{0}, {1}, {2}, {3}, {4}, {5}, {6}, {7}, {8}, {9}, {10}, {11}, {12}, {13}, {14}, {15}, {16}, {17}, {18}, {19}, {20}, {21}, {22}, {23}, {24}, {25}, {26}, {27}","{0}, {1}, {2}, {3}, {4}, {5}, {6}, {7}, {8}, {9}, {10}, {11}, {12}, {13}, {14}, {15}, {16}, {17}, {18}, {19}，{20}，{21}，{22}，{23}，{24}，{25}，{26}，{27}","{0}, {1}, {2}, {3}, {4}, {5}, {6}, {7}, {8}, {9}, {10}, {11}, {12}, {13}, {14}, {15}, {16}, {17}, {18}, {19}，{20}，{21}，{22}，{23}，{24}，{25}，{26}，{27}"
event.audit.recip.list.29,"{0}, {1}, {2}, {3}, {4}, {5}, {6}, {7}, {8}, {9}, {10}, {11}, {12}, {13}, {14}, {15}, {16}, {17}, {18}, {19}, {20}, {21}, {22}, {23}, {24}, {25}, {26}, {27}, {28}","{0}, {1}, {2}, {3}, {4}, {5}, {6}, {7}, {8}, {9}, {10}, {11}, {12}, {13}, {14}, {15}, {16}, {17}, {18}, {19}，{20}，{21}，{22}，{23}，{24}，{25}，{26}，{27}，{28}","{0}, {1}, {2}, {3}, {4}, {5}, {6}, {7}, {8}, {9}, {10}, {11}, {12}, {13}, {14}, {15}, {16}, {17}, {18}, {19}，{20}，{21}，{22}，{23}，{24}，{25}，{26}，{27}，{28}"
event.audit.recip.list.30,"{0}, {1}, {2}, {3}, {4}, {5}, {6}, {7}, {8}, {9}, {10}, {11}, {12}, {13}, {14}, {15}, {16}, {17}, {18}, {19}, {20}, {21}, {22}, {23}, {24}, {25}, {26}, {27}, {28}, {29}","{0}, {1}, {2}, {3}, {4}, {5}, {6}, {7}, {8}, {9}, {10}, {11}, {12}, {13}, {14}, {15}, {16}, {17}, {18}, {19}，{20}，{21}，{22}，{23}，{24}，{25}，{26}，{27}，{28}，{29}，{29}","{0}, {1}, {2}, {3}, {4}, {5}, {6}, {7}, {8}, {9}, {10}, {11}, {12}, {13}, {14}, {15}, {16}, {17}, {18}, {19}，{20}，{21}，{22}，{23}，{24}，{25}，{26}，{27}，{28}，{29}，{29}"
event.exception2,{0}: {1},{0}：{1},{0}：{1}
event.ds,''{0}'': {1},''{0}''：{1},''{0}''：{1}
